Workbook

Sheet CRM Customers
A1: Cust ID | B1: Full Name | C1: Email Address | D1: Mobile | E1: Address | F1: City | G1: Country | H1: Status | I1: Created Date | J1: Created By | K1: Updated Date | L1: Updated By
A2: C001 | B2: Jeff Sanchez | C2: jeff@email.com | D2: +971559522199 | E2: Al Jafiliya | F2: Dubai | G2: UAE | H2: Active | I2: 2026-07-01 | J2: crm_admin | K2: 2026-07-15 | L2: crm_admin
A3: C002 | B3: Maria Santos | C3: maria@email.com | D3: +639171234567 | E3: Makati | F3: Manila | G3: Philippines | H3: Active | I3: 2026/07/02 | J3: crm_admin | K3: 2026/07/10 | L3: crm_admin
A4: C003 | B4: AHMED ALI | D4: +971501112223 | E4: Al Nahda | F4: Dubai | G4: UAE | H4: Active | I4: 01-07-2026 | J4: crm_admin | K4: 15-07-2026 | L4: crm_admin
A5: C004 | B5: John Cruz | C5: john@email.com | D5: 97150ABC123 | E5: Business Bay | F5: Dubai | G5: UAE | H5: Inactive | I5: 2026-07-03 | J5: crm_admin | K5: 2026-07-11 | L5: crm_admin
A6: C005 | B6: Anne Reyes | C6: anne@email.com | D6: +639181112223 | F6: Cebu | G6: Philippines | H6: Active | I6: 2026-07-04 | J6: crm_admin | K6: 2026-07-12 | L6: crm_admin
A7: C006 | B7: Peter Lim | C7: peter@email.com | D7: +6591234567 | E7: Orchard | F7: Singapore | G7: Singapore | H7: Active | I7: 2026-07-05 | J7: crm_admin | K7: 2026-07-13 | L7: crm_admin
A8: C007 | B8: Lara Dizon | C8: lara@email.com | E8: Quezon City | F8: Manila | G8: Philippines | H8: Active | I8: 2026-07-06 | J8: crm_admin | K8: 2026-07-14 | L8: crm_admin
A9: C008 | B9: Kevin Tan | C9: kevin@email.com | D9: +971556667778 | E9: Marina | F9: Abu Dhabi | G9: UAE | H9: Active | I9: 2026-07-07 | J9: crm_admin | K9: 2026-07-15 | L9: crm_admin
A10: C009 | B10: Fatima Noor | C10: fatima@email.com | D10: +971509998887 | E10: Deira | F10: Dubai | G10: UAE | H10: Active | I10: 2026-07-08 | J10: crm_admin | K10: 2026-07-15 | L10: crm_admin
A11: C010 | B11: Chris Lee | C11: chris@email.com | D11: +821012345678 | E11: Gangnam | F11: Seoul | G11: Korea | H11: Active | I11: 2026-07-09 | J11: crm_admin | K11: 2026-07-15 | L11: crm_admin
A12: C003 | B12: AHMED ALI | D12: +971501112223 | E12: Al Nahda | F12: Dubai | G12: UAE | H12: Active | I12: 01-07-2026 | J12: crm_admin | K12: 15-07-2026 | L12: crm_admin
A13: C011 | B13: mary ann dela cruz | C13: mary@email.com | D13: +639191234567 | E13: Pasig | F13: manila | G13: Philippines | H13: active | I13: 2026-07-10 | J13: crm_admin | K13: 2026-07-15 | L13: crm_admin
A14: C012 | B14: Robert Ong | C14: robert@email.com | D14: +971558887776 | E14: JVC | F14: Dubai | G14: UAE | H14: ACTIVE | I14: 2026-07-11 | J14: crm_admin | K14: 2026-07-15 | L14: crm_admin
A15: C013 | B15: Grace Yu | C15: grace@email.com | D15: +971551234567 | E15: Karama | F15: Dubai | G15: UAE | H15: Inactive | I15: 2026-07-12 | J15: crm_admin | K15: 2026-07-15 | L15: crm_admin
A16: C014 | B16: Nina Lopez | D16: +639177778888 | E16: Davao | F16: Davao | G16: Philippines | H16: Active | I16: 2026-07-13 | J16: crm_admin | K16: 2026-07-15 | L16: crm_admin
A17: C015 | B17: Omar Hassan | C17: omar@email.com | D17: +971554445556 | E17: Sharjah | F17: Sharjah | G17: UAE | H17: Active | I17: 2026-07-14 | J17: crm_admin | K17: 2026-07-15 | L17: crm_admin

Sheet Steps & Checklist
A1: 1. Understand the business purpose | B1: DB Side | C1: Business Side
A3: What system produced this file? | B3: CRM | C3: The file was exported from the company's Customer Relationship Management (CRM) system, which stores and manages customer information.
A4: What is the purpose of this file? | B4: It contains customer information | C4: The file contains customer master data such as customer details and contact information maintained by the CRM system.
A5: Why did the business send this file? | B5: transform it into data that matches the commerce.customer | C5: The business sent the file so the latest customer information can be cleaned, validated, and loaded into the company's centralized database for reporting and analytics.
A6: Which table in our database will receive this data? | B6: commerce.customer
A7: Why do we need to load this data into our centralized database instead of using the Excel file directly? | B7: It needs to undergo ETL for easier SQL Analyzation and Power Bi Visualization | C7: The data must undergo ETL so it can be cleaned, validated, standardized, and integrated with other business data before being stored in the centralized database. This allows SQL analysis and Power BI dashboards to use one consistent and trusted source of data.
A9: 2. Review the Data Dictionary
A11: Which source columns map to which database columns.
A12: Which fields are required.
A13: Which fields are optional.
A14: Which business rules we'll validate before loading.
A16: 3. Manual Inspection
A18: Review column names.
A19: Scan a few rows for obvious issues.
A20: Think about how the source maps to the target table.
A22: 4. Python Data Profiling
A24: Count rows and columns.
A25: Identify missing values.
... A40: Perform the appropriate loading strategy (Full Load, Incremental Load, UPSERT, or Append-Only).

Sheet 2. Review Data Dictionary
A1: source_columns | B1: ljdev_columns | C1: need rename? | D1: required? | E1: business rules
A2: Cust ID | B2: ='2. Reference Data Dictionary'!A2 -> customer_id | C2: =IF(A2=B2,"NO","YES") -> YES | D2: ='2. Reference Data Dictionary'!D2 -> Yes | E2: ='2. Reference Data Dictionary'!H2 -> Must not be blank. Must be unique. Remove duplicate Customer IDs. Trim leading/trailing spaces.
A3: Full Name | B3: ='2. Reference Data Dictionary'!A3 -> customer_name | C3: =IF(A3=B3,"NO","YES") -> YES | D3: ='2. Reference Data Dictionary'!D3 -> Yes | E3: ='2. Reference Data Dictionary'!H3 -> Must not be blank. Trim leading/trailing spaces. Standardize name formatting if required by the business.
A4: Email Address | B4: ='2. Reference Data Dictionary'!A4 -> email | C4: =IF(A4=B4,"NO","YES") -> YES | D4: ='2. Reference Data Dictionary'!D4 -> Optional | E4: ='2. Reference Data Dictionary'!H4 -> Can be blank. If provided, it should follow a valid email format. Trim spaces.
A5: Mobile | B5: ='2. Reference Data Dictionary'!A5 -> phone | C5: =IF(A5=B5,"NO","YES") -> YES | D5: ='2. Reference Data Dictionary'!D5 -> Optional | E5: ='2. Reference Data Dictionary'!H5 -> Can be blank. Remove unnecessary spaces. Validate phone format if required.
A6: Address | B6: ='2. Reference Data Dictionary'!A6 -> address | C6: =IF(A6=B6,"NO","YES") -> NO | D6: ='2. Reference Data Dictionary'!D6 -> Optional | E6: ='2. Reference Data Dictionary'!H6 -> Can be blank. Trim leading/trailing spaces.
A7: City | B7: ='2. Reference Data Dictionary'!A7 -> city | C7: =IF(A7=B7,"NO","YES") -> NO | D7: ='2. Reference Data Dictionary'!D7 -> Optional | E7: ='2. Reference Data Dictionary'!H7 -> Can be blank. Standardize capitalization (e.g., "manila" → "Manila"). Trim spaces.
A8: Country | B8: ='2. Reference Data Dictionary'!A8 -> country | C8: =IF(A8=B8,"NO","YES") -> NO | D8: ='2. Reference Data Dictionary'!D8 -> Yes | E8: ='2. Reference Data Dictionary'!H8 -> Must not be blank. Standardize country names (e.g., "UAE", "United Arab Emirates").
A9: Status | B9: ='2. Reference Data Dictionary'!A9 -> customer_status | C9: =IF(A9=B9,"NO","YES") -> YES | D9: ='2. Reference Data Dictionary'!D9 -> Yes | E9: ='2. Reference Data Dictionary'!H9 -> Must not be blank. Only allow valid values such as Active or Inactive. Standardize capitalization.
A10: Created Date | B10: ='2. Reference Data Dictionary'!A10 -> created_date | C10: =IF(A10=B10,"NO","YES") -> YES | D10: ='2. Reference Data Dictionary'!D10 -> Yes | E10: ='2. Reference Data Dictionary'!H10 -> Must not be blank. Convert to a standard datetime format before loading.
A11: Created By | B11: ='2. Reference Data Dictionary'!A11 -> created_by | C11: =IF(A11=B11,"NO","YES") -> YES | D11: ='2. Reference Data Dictionary'!D11 -> Yes | E11: ='2. Reference Data Dictionary'!H11 -> Must not be blank. Trim leading/trailing spaces.
A12: Updated Date | B12: ='2. Reference Data Dictionary'!A12 -> updated_date | C12: =IF(A12=B12,"NO","YES") -> YES | D12: ='2. Reference Data Dictionary'!D12 -> Yes | E12: ='2. Reference Data Dictionary'!H12 -> Must not be blank. Convert to a standard datetime format before loading.
A13: Updated By | B13: ='2. Reference Data Dictionary'!A13 -> updated_by | C13: =IF(A13=B13,"NO","YES") -> YES | D13: ='2. Reference Data Dictionary'!D13 -> Yes | E13: ='2. Reference Data Dictionary'!H13 -> Must not be blank. Trim leading/trailing spaces.

Sheet 2. Reference Data Dictionary
A1: Column Name | B1: Business Name | C1: Data Type | D1: Required | E1: PK | F1: FK | G1: Example | H1: Business Rules
A2: customer_id | B2: Customer ID | C2: Text | D2: Yes | E2: ✅ | F2: No | G2: C001 | H2: Must not be blank. Must be unique. Remove duplicate Customer IDs. Trim leading/trailing spaces.
A3: customer_name | B3: Customer Name | C3: Text | D3: Yes | E3: No | F3: No | G3: Jeff Sanchez | H3: Must not be blank. Trim leading/trailing spaces. Standardize name formatting if required by the business.
A4: email | B4: Email Address | C4: Text | D4: Optional | E4: No | F4: No | G4: jeff@email.com | H4: Can be blank. If provided, it should follow a valid email format. Trim spaces.
A5: phone | B5: Phone Number | C5: Text | D5: Optional | E5: No | F5: No | G5: 971559522199 | H5: Can be blank. Remove unnecessary spaces. Validate phone format if required.
A6: address | B6: Address | C6: Text | D6: Optional | E6: No | F6: No | G6: Al Jafiliya | H6: Can be blank. Trim leading/trailing spaces.
A7: city | B7: City | C7: Text | D7: Optional | E7: No | F7: No | G7: Dubai | H7: Can be blank. Standardize capitalization (e.g., "manila" → "Manila"). Trim spaces.
A8: country | B8: Country | C8: Text | D8: Yes | E8: No | F8: No | G8: UAE | H8: Must not be blank. Standardize country names (e.g., "UAE", "United Arab Emirates").
A9: customer_status | B9: Customer Status | C9: Text | D9: Yes | E9: No | F9: No | G9: Active | H9: Must not be blank. Only allow valid values such as Active or Inactive. Standardize capitalization.
A10: created_date | B10: Created Date | C10: DateTime | D10: Yes | E10: No | F10: No | G10: 46204.333 | H10: Must not be blank. Convert to a standard datetime format before loading.
A11: created_by | B11: Created By | C11: Text | D11: Yes | E11: No | F11: No | G11: crm_admin | H11: Must not be blank. Trim leading/trailing spaces.
A12: updated_date | B12: Updated Date | C12: DateTime | D12: Yes | E12: No | F12: No | G12: 46218.396 | H12: Must not be blank. Convert to a standard datetime format before loading.
A13: updated_by | B13: Updated By | C13: Text | D13: Yes | E13: No | F13: No | G13: crm_admin | H13: Must not be blank. Trim leading/trailing spaces.

Sheet 3. Manual Inspection
A1: Cust ID | B1: Full Name | C1: Email Address | D1: Mobile | E1: Address | F1: City | G1: Country | H1: Status | I1: Created Date | J1: Created By | K1: Updated Date | L1: Updated By
A2: C001 | B2: Jeff Sanchez | C2: jeff@email.com | D2: +971559522199 | E2: Al Jafiliya | F2: Dubai | G2: UAE | H2: Active | I2: 2026-07-01 | J2: crm_admin | K2: 2026-07-15 | L2: crm_admin
A3: C002 | B3: Maria Santos | C3: maria@email.com | D3: +639171234567 | E3: Makati | F3: Manila | G3: Philippines | H3: Active | I3: 2026/07/02 | J3: crm_admin | K3: 2026/07/10 | L3: crm_admin
A4: C003 | B4: AHMED ALI | D4: +971501112223 | E4: Al Nahda | F4: Dubai | G4: UAE | H4: Active | I4: 01-07-2026 | J4: crm_admin | K4: 15-07-2026 | L4: crm_admin
A5: C004 | B5: John Cruz | C5: john@email.com | D5: 97150ABC123 | E5: Business Bay | F5: Dubai | G5: UAE | H5: Inactive | I5: 2026-07-03 | J5: crm_admin | K5: 2026-07-11 | L5: crm_admin
A6: C005 | B6: Anne Reyes | C6: anne@email.com | D6: +639181112223 | F6: Cebu | G6: Philippines | H6: Active | I6: 2026-07-04 | J6: crm_admin | K6: 2026-07-12 | L6: crm_admin
A7: C006 | B7: Peter Lim | C7: peter@email.com | D7: +6591234567 | E7: Orchard | F7: Singapore | G7: Singapore | H7: Active | I7: 2026-07-05 | J7: crm_admin | K7: 2026-07-13 | L7: crm_admin
A8: C007 | B8: Lara Dizon | C8: lara@email.com | E8: Quezon City | F8: Manila | G8: Philippines | H8: Active | I8: 2026-07-06 | J8: crm_admin | K8: 2026-07-14 | L8: crm_admin
A9: C008 | B9: Kevin Tan | C9: kevin@email.com | D9: +971556667778 | E9: Marina | F9: Abu Dhabi | G9: UAE | H9: Active | I9: 2026-07-07 | J9: crm_admin | K9: 2026-07-15 | L9: crm_admin
A10: C009 | B10: Fatima Noor | C10: fatima@email.com | D10: +971509998887 | E10: Deira | F10: Dubai | G10: UAE | H10: Active | I10: 2026-07-08 | J10: crm_admin | K10: 2026-07-15 | L10: crm_admin
A11: C010 | B11: Chris Lee | C11: chris@email.com | D11: +821012345678 | E11: Gangnam | F11: Seoul | G11: Korea | H11: Active | I11: 2026-07-09 | J11: crm_admin | K11: 2026-07-15 | L11: crm_admin
A12: C003 | B12: AHMED ALI | D12: +971501112223 | E12: Al Nahda | F12: Dubai | G12: UAE | H12: Active | I12: 01-07-2026 | J12: crm_admin | K12: 15-07-2026 | L12: crm_admin
A13: C011 | B13: mary ann dela cruz | C13: mary@email.com | D13: +639191234567 | E13: Pasig | F13: manila | G13: Philippines | H13: active | I13: 2026-07-10 | J13: crm_admin | K13: 2026-07-15 | L13: crm_admin
A14: C012 | B14: Robert Ong | C14: robert@email.com | D14: +971558887776 | E14: JVC | F14: Dubai | G14: UAE | H14: ACTIVE | I14: 2026-07-11 | J14: crm_admin | K14: 2026-07-15 | L14: crm_admin
A15: C013 | B15: Grace Yu | C15: grace@email.com | D15: +971551234567 | E15: Karama | F15: Dubai | G15: UAE | H15: Inactive | I15: 2026-07-12 | J15: crm_admin | K15: 2026-07-15 | L15: crm_admin
A16: C014 | B16: Nina Lopez | D16: +639177778888 | E16: Davao | F16: Davao | G16: Philippines | H16: Active | I16: 2026-07-13 | J16: crm_admin | K16: 2026-07-15 | L16: crm_admin
A17: C015 | B17: Omar Hassan | C17: omar@email.com | D17: +971554445556 | E17: Sharjah | F17: Sharjah | G17: UAE | H17: Active | I17: 2026-07-14 | J17: crm_admin | K17: 2026-07-15 | L17: crm_admin
A20: Inspection Area | B20: Question to Answer | C20: Observation | D20: Possible ETL Tasks
A21: File Structure | B21: Does the file contain all the expected columns? Are any columns missing or are there extra columns? | C21: The source file contains all expected columns. No missing or additional columns were identified.
A22: Column Names | B22: Do the source column names match our database columns? Which columns need to be renamed? | C22: found different column names from source and database | D22: rename columns
A23: Sample Records | B23: After reviewing the first few rows, does the data look reasonable and complete? | C23: Most records appear reasonable and complete, although some records contain missing values and formatting inconsistencies.
A24: Missing Values | B24: Which columns contain blank or missing values? Are they required according to the Data Dictionary? | C24: blank email, phone, address | D24: Allow optional fields to remain blank or flag missing required fields for review.
A25: Duplicate Records | B25: Can you immediately identify any duplicate records (e.g., duplicate Customer IDs)? | C25: found duplicate customer IDs | D25: remove / fix duplicates
A26: Text Formatting | B26: Are there leading/trailing spaces, inconsistent capitalization, or spelling inconsistencies? | C26: Leading/trailing spaces and inconsistent capitalization were observed. | D26: trim spaces, standardize values
A27: Date Formatting | B27: Are all dates in the same format, or are there multiple date formats that need to be standardized? | C27: date formats need to be standardized | D27: standardize date formats
A28: Phone Formatting | B28: Do phone numbers follow a consistent format? Are there any invalid phone numbers or unexpected characters? | C28: invalid phone numbers found | D28: validate phone number
A29: Status Values | B29: Do the values follow the business rules (e.g., only "Active" and "Inactive")? Are there inconsistent variations such as "ACTIVE" or "active"? | C29: Found variations such as "ACTIVE", "active", and "Inactive". | D29: standardize values
A30: Business Rule Compliance | B30: Based on the Data Dictionary, which records or columns appear to violate the business rules? | C30: Duplicate Customer ID, invalid phone number, inconsistent status values, inconsistent date formats | D30: Remove duplicates, validate phone numbers, standardize status values, standardize date formats

Sheet Data Cleaning and Transfomation
A1: Data Cleaning and Transfomation Plan
A2: Issue | B2: Field | C2: Action Type | D2: Planned Action | E2: Requires Business Review? | F2: Status
A3: Exact duplicate | B3: Cust ID | C3: Remove | D3: Keep one C003 record and remove the exact duplicate | E3: No | F3: Done
A4: Whitespace | B4: Full Name | C4: Auto-clean | D4: Remove leading/trailing spaces | E4: No | F4: Done
A5: Capitalization | B5: Full Name | C5: Standardize | D5: Apply the approved customer-name formatting rule | E5: Yes — confirm naming standard | F5: Done
A6: Capitalization | B6: Status | C6: Standardize | D6: Convert active and ACTIVE to Active | E6: No | F6: Done
A7: Capitalization | B7: City | C7: Standardize | D7: Standardize manila to Manila | E7: No | F7: Done
A8: Mixed date formats | B8: Created Date | C8: Transform | D8: Convert all dates to standardized datetime format | E8: Yes — confirm source date convention | F8: Done
A9: Mixed date formats | B9: Updated Date | C9: Transform | D9: Convert all dates to standardized datetime format | E9: Yes — confirm source date convention | F9: Done
A10: Invalid phone | B10: Mobile | C10: Business Review | D10: Do not invent or automatically replace the value | E10: Yes — CRM/business owner must provide the correct value | F10: Done
A11: Missing optional value | B11: Email Address | C11: Preserve | D11: Keep missing values as NULL | E11: No | F11: Pass
A12: Missing optional value | B12: Mobile | C12: Preserve | D12: Keep missing values as NULL | E12: No | F12: Pass
A13: Missing optional value | B13: Address | C13: Preserve | D13: Keep missing values as NULL | E13: No | F13: Pass
